{"stat.chestOpened":16,"stat.walkOneCm":133998,"stat.useItem.minecraft.chest":4,"stat.useItem.minecraft.quartz_stairs":8,"stat.leaveGame":8,"stat.useItem.minecraft.stained_glass_pane":7,"stat.jump":74,"stat.swimOneCm":164,"stat.useItem.minecraft.redstone_block":3,"stat.climbOneCm":3640,"stat.crouchOneCm":1229,"stat.useItem.minecraft.stained_hardened_clay":3,"stat.sprintOneCm":18592,"achievement.exploreAllBiomes":{"value":0,"progress":["ForestHills","River","Forest","Plains"]},"stat.craftingTableInteraction":8,"stat.useItem.minecraft.stone_slab":2,"achievement.openInventory":43,"stat.useItem.minecraft.stone_brick_stairs":12,"stat.useItem.minecraft.stonebrick":14,"stat.flyOneCm":256332,"stat.deaths":3,"stat.drop":1,"stat.playOneMinute":122020,"stat.timeSinceDeath":71378,"stat.useItem.minecraft.crafting_table":3,"stat.diveOneCm":410,"stat.useItem.minecraft.iron_door":2}