{"stat.chestOpened":12,"stat.useItem.minecraft.sticky_piston":27,"stat.useItem.minecraft.quartz_block":750,"stat.useItem.minecraft.stone":692,"stat.useItem.minecraft.quartz_stairs":71,"stat.useItem.minecraft.repeater":70,"stat.leaveGame":8,"stat.useItem.minecraft.stained_glass_pane":362,"stat.swimOneCm":18770,"stat.jump":1184,"stat.useItem.minecraft.sand":3,"stat.climbOneCm":16735,"stat.crouchOneCm":2534,"stat.useItem.minecraft.redstone_torch":1,"stat.useItem.minecraft.dirt":68,"stat.useItem.minecraft.stone_button":1,"stat.useItem.minecraft.stone_slab2":7,"stat.useItem.minecraft.light_weighted_pressure_plate":1,"achievement.exploreAllBiomes":{"value":0,"progress":["Sunflower Plains","ForestHills","Forest","River","Plains"]},"stat.useItem.minecraft.stone_brick_stairs":183,"stat.useItem.minecraft.spruce_fence_gate":49,"stat.useItem.minecraft.anvil":2,"stat.flyOneCm":1770656,"stat.damageDealt":715,"stat.useItem.minecraft.wool":493,"stat.useItem.minecraft.snow_layer":3,"stat.timeSinceDeath":122220,"stat.killEntity.Cow":1,"stat.useItem.minecraft.sign":3,"stat.useItem.minecraft.crafting_table":2,"stat.useItem.minecraft.wooden_slab":60,"stat.useItem.minecraft.iron_door":14,"stat.useItem.minecraft.iron_bars":49,"stat.useItem.minecraft.command_block":33,"stat.walkOneCm":884943,"stat.useItem.minecraft.chest":11,"stat.useItem.minecraft.lever":9,"stat.useItem.minecraft.log":40,"stat.useItem.minecraft.comparator":5,"stat.useItem.minecraft.oak_stairs":1,"stat.useItem.minecraft.gravel":57,"stat.useItem.minecraft.dark_oak_fence_gate":1,"stat.killEntity.Creeper":2,"stat.useItem.minecraft.redstone_block":36,"stat.useItem.minecraft.redstone":254,"stat.useItem.minecraft.sea_lantern":195,"stat.useItem.minecraft.stained_hardened_clay":805,"stat.sprintOneCm":271504,"stat.useItem.minecraft.stained_glass":108,"stat.useItem.minecraft.diamond_block":8,"stat.useItem.minecraft.redstone_ore":7,"stat.useItem.minecraft.fence":2,"stat.useItem.minecraft.stone_stairs":8,"stat.useItem.minecraft.stone_slab":585,"achievement.openInventory":273,"stat.useItem.minecraft.iron_sword":5,"stat.useItem.minecraft.barrier":191,"stat.killEntity.Spider":1,"stat.useItem.minecraft.stone_pressure_plate":4,"stat.mobKills":4,"stat.useItem.minecraft.stonebrick":39,"stat.deaths":10,"stat.useItem.minecraft.cobblestone_wall":128,"stat.playOneMinute":361519,"stat.useItem.minecraft.ladder":26,"stat.diveOneCm":29623,"stat.useItem.minecraft.sandstone":69}